<?xml version="1.0" encoding="UTF-8"?>
<project-private xmlns="http://www.netbeans.org/ns/project-private/1">
    <editor-bookmarks xmlns="http://www.netbeans.org/ns/editor-bookmarks/2" lastBookmarkId="0"/>
    <open-files xmlns="http://www.netbeans.org/ns/projectui-open-files/2">
        <group>
            <file>file:/C:/Users/julia/Documents/NetBeansProjects/MainApp/src/mainapp/MainApp.java</file>
            <file>file:/C:/Users/julia/Documents/NetBeansProjects/MainApp/src/mainapp/AdminPanel.java</file>
            <file>file:/C:/Users/julia/Documents/NetBeansProjects/MainApp/src/mainapp/CartManager.java</file>
            <file>file:/C:/Users/julia/Documents/NetBeansProjects/MainApp/src/mainapp/FavoriteManager.java</file>
            <file>file:/C:/Users/julia/Documents/NetBeansProjects/MainApp/src/mainapp/FileUtils.java</file>
            <file>file:/C:/Users/julia/Documents/NetBeansProjects/MainApp/src/mainapp/InventoryManager.java</file>
            <file>file:/C:/Users/julia/Documents/NetBeansProjects/MainApp/src/mainapp/LoginPanel.java</file>
            <file>file:/C:/Users/julia/Documents/NetBeansProjects/MainApp/src/mainapp/Product.java</file>
            <file>file:/C:/Users/julia/Documents/NetBeansProjects/MainApp/src/mainapp/Purchase.java</file>
            <file>file:/C:/Users/julia/Documents/NetBeansProjects/MainApp/src/mainapp/PurchaseManager.java</file>
            <file>file:/C:/Users/julia/Documents/NetBeansProjects/MainApp/src/mainapp/RegisterPanel.java</file>
            <file>file:/C:/Users/julia/Documents/NetBeansProjects/MainApp/src/mainapp/UserManager.java</file>
            <file>file:/C:/Users/julia/Documents/NetBeansProjects/MainApp/src/mainapp/UserPanel.java</file>
        </group>
    </open-files>
</project-private>
